0,company
Senior Risk Data Scientist,GSK India
Global Tax Automation & Operations | Data Scientist Senior Analyst,Dell International Services India Private Limited
Senior Data Scientist,Bigshyft Hiring for PayU Finance
Data Scientist/ Analyst Specialist,TransOrg Solutions Services (P) Ltd.
Senior Associate - Data Scientist,Paonta Valley LLP
Lead / Principal Data Scientist,Aviso Inc
Lead Data Scientist,TransOrg Solutions Services (P) Ltd.
Senior Risk Data Scientist,GSK India
Associate Vice President - Data Scientist - IIT/ NIT/ IIM/ XLRI,Huquo Consulting Pvt. Ltd
Associate Vice President - Data Scientist - IIT/NIT/IIM/XLRI,Huquo Consulting Pvt. Ltd
Data Scientist 2,PayPal
Data Scientist 1,PayPal
Data Scientist,PayPal
Data Scientist,PayPal
Data Scientist,Nokia
Lead Data Scientist,Wipro
Senior Data Scientist,SIBIA Analytics and Consulting Services Pvt Ltd
Data Scientist (Python/ML),Tata Consultancy Services Ltd.
Staff Specialist Data Scientist,BMC Software
Associate Data Scientist,PayPal
